151236,Counter-Strike,2016-04-29 05:00:00.000000,1.075,5.000,Cloud9,Without a Roof,Total,ECS,NA,151236,draw
151229,Counter-Strike,2016-04-29 02:00:00.000000,1.074,5.025,Luminosity,Echo Fox,Total,ECS,NA,151229,draw
151226,Dota2,2016-04-29 02:00:00.000000,1.110,4.444,compLexity,Luccini,Total,Canada Cup,NA,151226,draw
151227,Dota2,2016-04-29 02:00:00.000000,1.549,2.249,compLexity,Luccini,first blood,Canada Cup,first blood,151226,draw
151228,Dota2,2016-04-29 02:00:00.000000,1.226,3.350,compLexity,Luccini,will take first 10 kills,Canada Cup,will take first 10 kills,151226,draw
151223,Dota2,2016-04-29 00:30:00.000000,1.433,2.500,Animal Kingdom,EverNova,Total,Canada Cup,NA,151223,draw
151224,Dota2,2016-04-29 00:30:00.000000,1.805,1.910,Animal Kingdom,EverNova,first blood,Canada Cup,first blood,151223,draw
151225,Dota2,2016-04-29 00:30:00.000000,1.548,2.250,Animal Kingdom,EverNova,will take first 10 kills,Canada Cup,will take first 10 kills,151223,draw
151246,Counter-Strike,2016-04-28 22:00:00.000000,1.378,2.660,Hyper4mance,TripGhazi,Total,Rising,NA,151246,draw
151247,Counter-Strike,2016-04-28 22:00:00.000000,1.433,2.500,Hyper4mance,TripGhazi,GameResult,Rising,Map1,151246,draw
151248,Counter-Strike,2016-04-28 22:00:00.000000,1.577,2.200,Hyper4mance,TripGhazi,will win 1st round on map 1,Rising,will win 1st round on map 1,151246,draw
151249,Counter-Strike,2016-04-28 22:00:00.000000,1.577,2.200,Hyper4mance,TripGhazi,will win 16th round on map 1,Rising,will win 16th round on map 1,151246,draw
151196,Counter-Strike,2016-04-28 21:30:00.000000,1.203,3.505,CPH Wolves,AliGon,Total,Game On,NA,151196,draw
151213,Counter-Strike,2016-04-28 21:30:00.000000,1.299,2.960,CPH Wolves,AliGon,GameResult,Game On,Map1,151196,draw
151214,Counter-Strike,2016-04-28 21:30:00.000000,1.607,2.151,CPH Wolves,AliGon,will win 1st round on map 1,Game On,will win 1st round on map 1,151196,draw
151215,Counter-Strike,2016-04-28 21:30:00.000000,1.607,2.151,CPH Wolves,AliGon,will win 16th round on map 1,Game On,will win 16th round on map 1,151196,draw
151195,Counter-Strike,2016-04-28 21:00:00.000000,1.102,4.550,CSGL,Orbit,Total,Kinguin,NA,151195,draw
151210,Counter-Strike,2016-04-28 21:00:00.000000,1.204,3.501,CSGL,Orbit,GameResult,Kinguin,Map1,151195,draw
151211,Counter-Strike,2016-04-28 21:00:00.000000,1.522,2.300,CSGL,Orbit,will win 1st round on map 1,Kinguin,will win 1st round on map 1,151195,draw
151212,Counter-Strike,2016-04-28 21:00:00.000000,1.522,2.300,CSGL,Orbit,will win 16th round on map 1,Kinguin,will win 16th round on map 1,151195,draw
151194,Counter-Strike,2016-04-28 20:30:00.000000,1.203,3.505,nerdRage,eXtatus,Total,GameShow,NA,151194,draw
151207,Counter-Strike,2016-04-28 20:30:00.000000,1.338,2.800,nerdRage,eXtatus,GameResult,GameShow,Map1,151194,draw
151208,Counter-Strike,2016-04-28 20:30:00.000000,1.607,2.151,nerdRage,eXtatus,will win 1st round on map 1,GameShow,will win 1st round on map 1,151194,draw
151209,Counter-Strike,2016-04-28 20:30:00.000000,1.607,2.151,nerdRage,eXtatus,will win 16th round on map 1,GameShow,will win 16th round on map 1,151194,draw
151251,StarCraft2,2016-04-28 20:00:00.000000,1.286,3.021,LeiFeng.Sleep,Zenith.Zycart,Total,Leifeng Cup,NA,151251,draw
151266,StarCraft2,2016-04-28 20:00:00.000000,1.335,2.811,LeiFeng.Sleep,Zenith.Zycart,GameResult,Leifeng Cup,Map1,151251,draw
151267,StarCraft2,2016-04-28 20:00:00.000000,2.137,1.616,LeiFeng.Sleep,Zenith.Zycart,Total maps Over 2.5,Leifeng Cup,Total maps Under 2.5,151251,draw
151106,Counter-Strike,2016-04-28 20:00:00.000000,1.612,2.143,HellRaisers,OpTic,Total,CEVO,NA,151106,draw
151107,Counter-Strike,2016-04-28 20:00:00.000000,1.715,2.006,HellRaisers,OpTic,GameResult,CEVO,Map1,151106,draw
151108,Counter-Strike,2016-04-28 20:00:00.000000,1.861,1.859,HellRaisers,OpTic,will win 1st round on map 1,CEVO,will win 1st round on map 1,151106,draw
151109,Counter-Strike,2016-04-28 20:00:00.000000,1.860,1.860,HellRaisers,OpTic,will win 16th round on map 1,CEVO,will win 16th round on map 1,151106,draw
151110,Counter-Strike,2016-04-28 20:00:00.000000,1.855,1.864,HellRaisers,OpTic,will win 5 rounds first on map 1,CEVO,will win 5 rounds first on map 1,151106,draw
151111,Counter-Strike,2016-04-28 20:00:00.000000,1.761,1.955,HellRaisers,OpTic,Total rounds Over 26.5 on map 1,CEVO,Total rounds Under 26.5 on map 1,151106,draw
151112,Counter-Strike,2016-04-28 20:00:00.000000,1.917,1.797,HellRaisers,OpTic,Total maps Over 2.5,CEVO,Total maps Under 2.5,151106,draw
151252,Counter-Strike,2016-04-28 19:00:00.000000,1.282,3.040,Astralis,G2,Total,ECS,NA,151252,draw
151253,Counter-Strike,2016-04-28 19:00:00.000000,1.313,2.900,Astralis,G2,GameResult,ECS,Map1,151252,draw
151254,Counter-Strike,2016-04-28 19:00:00.000000,1.724,1.995,Astralis,G2,will win 1st round on map 1,ECS,will win 1st round on map 1,151252,draw
151255,Counter-Strike,2016-04-28 19:00:00.000000,1.729,1.990,Astralis,G2,will win 16th round on map 1,ECS,will win 16th round on map 1,151252,draw
151250,StarCraft2,2016-04-28 19:00:00.000000,1.666,2.067,LeiFeng.Sleep,IG.MacSed,Total,Leifeng Cup,NA,151250,draw
151264,StarCraft2,2016-04-28 19:00:00.000000,1.737,1.980,LeiFeng.Sleep,IG.MacSed,GameResult,Leifeng Cup,Map1,151250,draw
151265,StarCraft2,2016-04-28 19:00:00.000000,1.619,2.133,LeiFeng.Sleep,IG.MacSed,Total maps Over 2.5,Leifeng Cup,Total maps Under 2.5,151250,draw
151242,Counter-Strike,2016-04-28 19:00:00.000000,1.860,1.860,SuperStars,AIMERZZ,Total,Rising,NA,151242,draw
151243,Counter-Strike,2016-04-28 19:00:00.000000,1.860,1.860,SuperStars,AIMERZZ,GameResult,Rising,Map1,151242,draw
151244,Counter-Strike,2016-04-28 19:00:00.000000,1.860,1.860,SuperStars,AIMERZZ,will win 1st round on map 1,Rising,will win 1st round on map 1,151242,draw
151245,Counter-Strike,2016-04-28 19:00:00.000000,1.860,1.860,SuperStars,AIMERZZ,will win 16th round on map 1,Rising,will win 16th round on map 1,151242,draw
151197,Counter-Strike,2016-04-28 19:00:00.000000,1.667,2.066,Enso,Epiphany Bolt,Total,Game On,NA,151197,draw
151216,Counter-Strike,2016-04-28 19:00:00.000000,1.717,2.003,Enso,Epiphany Bolt,GameResult,Game On,Map1,151197,draw
151217,Counter-Strike,2016-04-28 19:00:00.000000,1.720,2.000,Enso,Epiphany Bolt,will win 1st round on map 1,Game On,will win 1st round on map 1,151197,draw
151218,Counter-Strike,2016-04-28 19:00:00.000000,1.720,2.000,Enso,Epiphany Bolt,will win 16th round on map 1,Game On,will win 16th round on map 1,151197,draw
151219,Counter-Strike,2016-04-28 19:00:00.000000,1.860,1.860,Enso,Epiphany Bolt,Total maps Over 2.5,Game On,Total maps Under 2.5,151197,draw
150941,Dota2,2016-04-28 18:45:00.000000,1.222,3.374,Evil Geniuses,Ad Finem,Total,Weplay,NA,150941,draw
150973,Dota2,2016-04-28 18:45:00.000000,1.730,1.988,Evil Geniuses,Ad Finem,First blood,Weplay,First blood,150941,draw
150976,Dota2,2016-04-28 18:45:00.000000,1.506,2.332,Evil Geniuses,Ad Finem,will take first 10 kills,Weplay,will take first 10 kills,150941,draw
151044,Dota2,2016-04-28 18:45:00.000000,1.744,1.973,Evil Geniuses,Ad Finem,Total kills Over 40.5,Weplay,Total kills Under 40.5,150941,draw
151045,Dota2,2016-04-28 18:45:00.000000,1.751,1.965,Evil Geniuses,Ad Finem,Total kills Over 34 minutes,Weplay,Total kills Under 34 minutes,150941,draw
151241,StarCraft2,2016-04-28 18:00:00.000000,1.337,2.802,Afreeca.Super,LeiFeng.Sleep,Total,Leifeng Cup,NA,151241,draw
151262,StarCraft2,2016-04-28 18:00:00.000000,1.372,2.679,Afreeca.Super,LeiFeng.Sleep,GameResult,Leifeng Cup,Map1,151241,draw
151263,StarCraft2,2016-04-28 18:00:00.000000,1.897,1.819,Afreeca.Super,LeiFeng.Sleep,Total maps Over 2.5,Leifeng Cup,Total maps Under 2.5,151241,draw
151198,Counter-Strike,2016-04-28 18:00:00.000000,1.447,2.465,PENTA,eSuba,Total,Kinguin,NA,151198,draw
151220,Counter-Strike,2016-04-28 18:00:00.000000,1.497,2.350,PENTA,eSuba,GameResult,Kinguin,Map1,151198,draw
151221,Counter-Strike,2016-04-28 18:00:00.000000,1.720,2.000,PENTA,eSuba,will win 1st round on map 1,Kinguin,will win 1st round on map 1,151198,draw
151222,Counter-Strike,2016-04-28 18:00:00.000000,1.720,2.000,PENTA,eSuba,will win 16th round on map 1,Kinguin,will win 16th round on map 1,151198,draw
151099,Counter-Strike,2016-04-28 17:30:00.000000,1.194,3.576,Dignitas,Selfless,Total,CEVO,NA,151099,draw
151100,Counter-Strike,2016-04-28 17:30:00.000000,1.379,2.657,Dignitas,Selfless,GameResult,CEVO,Map1,151099,draw
151101,Counter-Strike,2016-04-28 17:30:00.000000,1.611,2.145,Dignitas,Selfless,will win 1st round on map 1,CEVO,will win 1st round on map 1,151099,draw
151102,Counter-Strike,2016-04-28 17:30:00.000000,1.611,2.145,Dignitas,Selfless,will win 16th round on map 1,CEVO,will win 16th round on map 1,151099,draw
151103,Counter-Strike,2016-04-28 17:30:00.000000,1.475,2.399,Dignitas,Selfless,will win 5 rounds first on map 1,CEVO,will win 5 rounds first on map 1,151099,draw
151104,Counter-Strike,2016-04-28 17:30:00.000000,1.956,1.760,Dignitas,Selfless,Total rounds Over 26.5 on map 1,CEVO,Total rounds Under 26.5 on map 1,151099,draw
151105,Counter-Strike,2016-04-28 17:30:00.000000,2.150,1.608,Dignitas,Selfless,Total maps Over 2.5,CEVO,Total maps Under 2.5,151099,draw
150940,Dota2,2016-04-28 17:30:00.000000,1.799,1.916,MVP Phoenix,Vega Squadron,Total,Weplay,NA,150940,draw
150970,Dota2,2016-04-28 17:30:00.000000,1.956,1.760,MVP Phoenix,Vega Squadron,First blood,Weplay,First blood,150940,draw
150971,Dota2,2016-04-28 17:30:00.000000,1.764,1.951,MVP Phoenix,Vega Squadron,will take first 10 kills,Weplay,will take first 10 kills,150940,draw
151042,Dota2,2016-04-28 17:30:00.000000,1.860,1.860,MVP Phoenix,Vega Squadron,Total kills Over 46.5,Weplay,Total kills Under 46.5,150940,draw
151043,Dota2,2016-04-28 17:30:00.000000,1.898,1.818,MVP Phoenix,Vega Squadron,Total time Over 38 minutes,Weplay,Total time Under 38 minutes,150940,draw
151239,StarCraft2,2016-04-28 17:00:00.000000,1.063,5.227,Afreeca.Super,Zenith.Zycart,Total,Leifeng Cup,NA,151239,draw
151260,StarCraft2,2016-04-28 17:00:00.000000,1.144,4.024,Afreeca.Super,Zenith.Zycart,GameResult,Leifeng Cup,Map1,151239,draw
151261,StarCraft2,2016-04-28 17:00:00.000000,4.322,1.119,Afreeca.Super,Zenith.Zycart,Total maps Over 2.5,Leifeng Cup,Total maps Under 2.5,151239,draw
151149,Dota2,2016-04-28 17:00:00.000000,1.306,2.930,!Rebels!,Prodota Gaming,Total,Solid Dota2,NA,151149,draw
151150,Dota2,2016-04-28 17:00:00.000000,1.502,2.340,!Rebels!,Prodota Gaming,GameResult,Solid Dota2,Map1,151149,draw
151151,Dota2,2016-04-28 17:00:00.000000,1.816,1.900,!Rebels!,Prodota Gaming,FB,Solid Dota2,Map1,151149,draw
151152,Dota2,2016-04-28 17:00:00.000000,1.678,2.052,!Rebels!,Prodota Gaming,Kills10,Solid Dota2,Map1,151149,draw
151238,StarCraft2,2016-04-28 16:00:00.000000,1.307,2.922,Afreeca.Super,IG.MacSed,Total,Leifeng Cup,NA,151238,draw
151258,StarCraft2,2016-04-28 16:00:00.000000,1.348,2.763,Afreeca.Super,IG.MacSed,GameResult,Leifeng Cup,Map1,151238,draw
151259,StarCraft2,2016-04-28 16:00:00.000000,2.079,1.657,Afreeca.Super,IG.MacSed,Total maps Over 2.5,Leifeng Cup,Total maps Under 2.5,151238,draw
151237,StarCraft2,2016-04-28 15:00:00.000000,1.305,2.933,IG.MacSed,Zenith.Zycart,Total,Leifeng Cup,NA,151237,draw
151256,StarCraft2,2016-04-28 15:00:00.000000,1.346,2.769,IG.MacSed,Zenith.Zycart,GameResult,Leifeng Cup,Map1,151237,draw
151257,StarCraft2,2016-04-28 15:00:00.000000,2.101,1.641,IG.MacSed,Zenith.Zycart,Total maps Over 2.5,Leifeng Cup,Total maps Under 2.5,151237,draw
151187,HeroesOfTheStorm,2016-04-28 15:00:00.000000,1.577,2.200,Team YL,OMG,Total,Gold Series,NA,151187,draw
151166,Counter-Strike,2016-04-28 15:00:00.000000,1.253,3.190,Worst Players,Vesuvius,Total,Minor CIS,NA,151166,draw
151183,Counter-Strike,2016-04-28 15:00:00.000000,1.522,2.300,Worst Players,Vesuvius,will win 1st round,Minor CIS,will win 1st round,151166,draw
151184,Counter-Strike,2016-04-28 15:00:00.000000,1.522,2.300,Worst Players,Vesuvius,will win 16th round,Minor CIS,will win 16th round,151166,draw
151092,Counter-Strike,2016-04-28 15:00:00.000000,1.150,3.970,Virtus.pro,Splyce,Total,CEVO,NA,151092,draw
151093,Counter-Strike,2016-04-28 15:00:00.000000,1.276,3.067,Virtus.pro,Splyce,GameResult,CEVO,Map1,151092,draw
151094,Counter-Strike,2016-04-28 15:00:00.000000,1.576,2.201,Virtus.pro,Splyce,will win 1st round on map 1,CEVO,will win 1st round on map 1,151092,draw
151095,Counter-Strike,2016-04-28 15:00:00.000000,1.581,2.193,Virtus.pro,Splyce,will win 16th round on map 1,CEVO,will win 16th round on map 1,151092,draw
151096,Counter-Strike,2016-04-28 15:00:00.000000,1.453,2.449,Virtus.pro,Splyce,will win 5 rounds first on map 1,CEVO,will win 5 rounds first on map 1,151092,draw
151097,Counter-Strike,2016-04-28 15:00:00.000000,1.922,1.793,Virtus.pro,Splyce,Total rounds Over 26.5 on map 1,CEVO,Total rounds Under 26.5 on map 1,151092,draw
151098,Counter-Strike,2016-04-28 15:00:00.000000,2.311,1.516,Virtus.pro,Splyce,Total maps Over 2.5,CEVO,Total maps Under 2.5,151092,draw
151165,Counter-Strike,2016-04-28 13:40:00.000000,1.206,3.482,ANOX,Binary Dragons Gold,Total,Minor CIS,NA,151165,draw
151178,Counter-Strike,2016-04-28 13:40:00.000000,1.433,2.500,ANOX,Binary Dragons Gold,will win 1st round,Minor CIS,will win 1st round,151165,draw
151180,Counter-Strike,2016-04-28 13:40:00.000000,1.433,2.500,ANOX,Binary Dragons Gold,will win 16th round,Minor CIS,will win 16th round,151165,draw
151035,Dota2,2016-04-28 13:15:00.000000,1.632,2.113,Team Empire,Team Spirit,Total,Weplay,NA,151035,draw
151036,Dota2,2016-04-28 13:15:00.000000,1.821,1.895,Team Empire,Team Spirit,First blood,Weplay,First blood,151035,draw
151037,Dota2,2016-04-28 13:15:00.000000,1.811,1.905,Team Empire,Team Spirit,will take first 10 kills,Weplay,will take first 10 kills,151035,draw
151040,Dota2,2016-04-28 13:15:00.000000,1.789,1.926,Team Empire,Team Spirit,Total kills Over 45.5,Weplay,Total kills Under 45.5,151035,draw
151041,Dota2,2016-04-28 13:15:00.000000,1.810,1.905,Team Empire,Team Spirit,Total time Over 40 minutes,Weplay,Total time Under 40 minutes,151035,draw
151164,HeroesOfTheStorm,2016-04-28 13:00:00.000000,1.178,3.705,MVP Black,eStar Gaming,Total,Gold Series,NA,151164,draw
151163,Counter-Strike,2016-04-28 12:20:00.000000,1.478,2.391,Arcade,Fluffy Gangsters,Total,Minor CIS,NA,151163,draw
151185,Counter-Strike,2016-04-28 12:20:00.000000,1.615,2.139,Arcade,Fluffy Gangsters,will win 1st round,Minor CIS,will win 1st round,151163,draw
151186,Counter-Strike,2016-04-28 12:20:00.000000,1.608,2.149,Arcade,Fluffy Gangsters,will win 16th round,Minor CIS,will win 16th round,151163,draw
151113,LoL,2016-04-28 12:00:00.000000,1.461,2.432,Ever,SBENU,Total,LCK Promo,NA,151113,draw
151114,LoL,2016-04-28 12:00:00.000000,1.692,2.034,Ever,SBENU,GameResult,LCK Promo,Map1,151113,draw
151115,LoL,2016-04-28 12:00:00.000000,1.817,1.899,Ever,SBENU,FB,LCK Promo,Map1,151113,draw
151116,LoL,2016-04-28 12:00:00.000000,1.834,1.883,Ever,SBENU,Kills10,LCK Promo,Map1,151113,draw
151082,Counter-Strike,2016-04-28 12:00:00.000000,1.426,2.520,Tempo Storm,SK,Total,CEVO,NA,151082,draw
151083,Counter-Strike,2016-04-28 12:00:00.000000,1.545,2.256,Tempo Storm,SK,GameResult,CEVO,Map1,151082,draw
151084,Counter-Strike,2016-04-28 12:00:00.000000,1.601,2.161,Tempo Storm,SK,will win 1st round on map 1,CEVO,will win 1st round on map 1,151082,draw
151085,Counter-Strike,2016-04-28 12:00:00.000000,1.581,2.193,Tempo Storm,SK,will win 16th round on map 1,CEVO,will win 16th round on map 1,151082,draw
151086,Counter-Strike,2016-04-28 12:00:00.000000,1.499,2.346,Tempo Storm,SK,will win 5 rounds first on map 1,CEVO,will win 5 rounds first on map 1,151082,draw
151087,Counter-Strike,2016-04-28 12:00:00.000000,1.888,1.829,Tempo Storm,SK,Total rounds Over 26.5 on map 1,CEVO,Total rounds Under 26.5 on map 1,151082,draw
151088,Counter-Strike,2016-04-28 12:00:00.000000,1.998,1.722,Tempo Storm,SK,Total maps Over 2.5,CEVO,Total maps Under 2.5,151082,draw
151240,Dota2,2016-04-28 11:54:00.000000,1.860,1.860,Natus Vincere (Live),Elite Wolves (Live),Total,Weplay Live,NA,151240,draw
151268,Dota2,2016-04-28 11:24:00.000000,1.650,2.088,Natus Vincere (Live),Elite Wolves (Live),First blood,Weplay Live,First blood,151240,win1
150932,Dota2,2016-04-28 11:16:53.000000,1.189,3.615,Natus Vincere,Elite Wolves,Total,Weplay,NA,150932,draw
150966,Dota2,2016-04-28 11:16:00.000000,1.809,1.906,Natus Vincere,Elite Wolves,First blood,Weplay,First blood,150932,win1
150967,Dota2,2016-04-28 11:16:00.000000,1.401,2.589,Natus Vincere,Elite Wolves,will take first 10 kills,Weplay,will take first 10 kills,150932,win1
151038,Dota2,2016-04-28 11:17:01.000000,1.585,2.187,Natus Vincere,Elite Wolves,Total kills Over 40.5,Weplay,Total kills Under 40.5,150932,draw
151039,Dota2,2016-04-28 11:17:00.000000,1.533,2.277,Natus Vincere,Elite Wolves,Total time Over 34 minutes,Weplay,Total time Under 34 minutes,150932,draw
151162,Counter-Strike,2016-04-28 11:10:00.000000,1.148,3.982,Empire,Digital Wave,Total,Minor CIS,NA,151162,win2
151176,Counter-Strike,2016-04-28 11:10:00.000000,1.448,2.462,Empire,Digital Wave,will win 1st round,Minor CIS,will win 1st round,151162,win2
151177,Counter-Strike,2016-04-28 11:31:00.000000,1.516,2.310,Empire,Digital Wave,will win 16th round,Minor CIS,will win 16th round,151162,win1
151021,Counter-Strike,2016-04-28 05:45:00.000000,1.131,4.168,CLG,compLexity,Total,ECS,NA,151021,win1
151025,Counter-Strike,2016-04-28 05:45:00.000000,1.388,2.628,CLG,compLexity,GameResult,ECS,Map1,151021,win1
151026,Counter-Strike,2016-04-28 05:45:00.000000,1.590,2.178,CLG,compLexity,will win 1st round on map 1,ECS,will win 1st round on map 1,151021,win1
151027,Counter-Strike,2016-04-28 06:06:00.000000,1.589,2.179,CLG,compLexity,will win 16th round on map 1,ECS,will win 16th round on map 1,151021,win2
151028,Counter-Strike,2016-04-28 05:45:00.000000,2.116,1.630,CLG,compLexity,Total maps Over 2.5,ECS,Total maps Under 2.5,151021,win2
151188,Counter-Strike,2016-04-28 05:45:00.000000,1.429,2.512,CLG,compLexity,will win 5 rounds first on map 1,ECS,will win 5 rounds first on map 1,151021,win1
151190,Counter-Strike,2016-04-28 05:45:00.000000,1.852,1.870,CLG,compLexity,Total rounds Over 26.5 on map 1,ECS,Total rounds Under 26.5 on map 1,151021,win1
151231,Counter-Strike,2016-04-28 06:51:00.000000,1.226,3.349,CLG,compLexity,GameResult,ECS,Map2,151021,win1
151232,Counter-Strike,2016-04-28 06:51:00.000000,1.595,2.170,CLG,compLexity,will win 1st round on map 2,ECS,will win 1st round on map 2,151021,win1
151233,Counter-Strike,2016-04-28 06:51:00.000000,1.377,2.662,CLG,compLexity,will win 5 rounds first on map 2,ECS,will win 5 rounds first on map 2,151021,win1
151234,Counter-Strike,2016-04-28 07:11:00.000000,1.598,2.165,CLG,compLexity,will win 16th round on map 2,ECS,will win 16th round on map 2,151021,win1
151235,Counter-Strike,2016-04-28 06:51:00.000000,2.217,1.566,CLG,compLexity,Total rounds Over 26.5 on map 2,ECS,Total rounds Under 26.5 on map 2,151021,win1
151117,Counter-Strike,2016-04-28 05:13:00.000000,1.075,5.004,Without a Roof,Kingdom,Total,RGN,NA,151117,win1
151199,Counter-Strike,2016-04-28 05:13:00.000000,1.146,4.005,Without a Roof,Kingdom,GameResult,RGN,Map1,151117,win1
151230,Counter-Strike,2016-04-28 06:09:00.000000,1.114,4.381,Without a Roof,Kingdom,GameResult,RGN,Map2,151117,win1
151200,Counter-Strike,2016-04-28 04:00:00.000000,1.296,2.971,Nexus,Root,Total,Stream me,NA,151200,win2
151205,Counter-Strike,2016-04-28 04:00:00.000000,1.672,2.059,Nexus,Root,will win 1st round,Stream me,will win 1st round,151200,win2
151206,Counter-Strike,2016-04-28 04:37:00.000000,1.871,1.847,Nexus,Root,will win 16th round,Stream me,will win 16th round,151200,win2
151010,Counter-Strike,2016-04-28 02:08:00.000000,1.028,6.104,Luminosity,Without a Roof,Total,ECS,NA,151010,win1
151022,Counter-Strike,2016-04-28 02:08:00.000000,1.074,5.026,Luminosity,Without a Roof,GameResult,ECS,Map1,151010,win1
151023,Counter-Strike,2016-04-28 02:08:00.000000,1.351,2.751,Luminosity,Without a Roof,will win 1st round on map 1,ECS,will win 1st round on map 1,151010,win2
151024,Counter-Strike,2016-04-28 02:26:00.000000,1.339,2.796,Luminosity,Without a Roof,will win 16th round on map 1,ECS,will win 16th round on map 1,151010,win1
151189,Counter-Strike,2016-04-28 02:08:00.000000,1.149,3.974,Luminosity,Without a Roof,will win 5 rounds first on map 1,ECS,will win 5 rounds first on map 1,151010,win1
151201,Counter-Strike,2016-04-28 02:52:00.000000,1.133,4.147,Luminosity,Without a Roof,GameResult,ECS,Map2,151010,win1
151202,Counter-Strike,2016-04-28 02:52:00.000000,1.367,2.695,Luminosity,Without a Roof,will win 1st round on map 2,ECS,will win 1st round on map 2,151010,win1
151203,Counter-Strike,2016-04-28 02:52:00.000000,1.151,3.956,Luminosity,Without a Roof,will win 5 rounds first on map 2,ECS,will win 5 rounds first on map 2,151010,win1
151204,Counter-Strike,2016-04-28 03:10:00.000000,1.385,2.639,Luminosity,Without a Roof,will win 16th round on map 2,ECS,will win 16th round on map 2,151010,win1
151066,Counter-Strike,2016-04-27 21:51:00.000000,1.697,2.028,Infire,aTw,Total,Rising Africa,NA,151066,win2
151067,Counter-Strike,2016-04-27 21:51:00.000000,1.748,1.968,Infire,aTw,GameResult,Rising Africa,Map1,151066,win2
151068,Counter-Strike,2016-04-27 21:51:00.000000,1.845,1.873,Infire,aTw,will win 1st round on map 1,Rising Africa,will win 1st round on map 1,151066,win1
151069,Counter-Strike,2016-04-27 22:13:00.000000,1.773,1.941,Infire,aTw,will win 16th round on map 1,Rising Africa,will win 16th round on map 1,151066,win1
151070,Counter-Strike,2016-04-27 21:51:00.000000,1.857,1.863,Infire,aTw,Total rounds Over 26.5 on map 1,Rising Africa,Total rounds Under 26.5 on map 1,151066,win2
151173,Counter-Strike,2016-04-27 22:44:00.000000,1.605,2.155,Infire,aTw,GameResult,Rising Africa,Map2,151066,win1
151174,Counter-Strike,2016-04-27 22:44:00.000000,1.752,1.964,Infire,aTw,will win 1st round on map 2,Rising Africa,will win 1st round on map 2,151066,win2
151175,Counter-Strike,2016-04-27 23:17:00.000000,1.674,2.056,Infire,aTw,will win 16th round on map 2,Rising Africa,will win 16th round on map 2,151066,win1
151191,Counter-Strike,2016-04-27 23:57:00.000000,1.734,1.984,Infire,aTw,GameResult,Rising Africa,Map3,151066,win2
151192,Counter-Strike,2016-04-27 23:57:00.000000,1.682,2.046,Infire,aTw,will win 1st round on map 3,Rising Africa,will win 1st round on map 3,151066,win2
151193,Counter-Strike,2016-04-28 00:19:00.000000,2.127,1.623,Infire,aTw,will win 16th round on map 3,Rising Africa,will win 16th round on map 3,151066,win2
150937,Counter-Strike,2016-04-27 21:51:00.000000,1.558,2.233,Flipsid3,CSGL,Total,UCC,NA,150937,win2
150944,Counter-Strike,2016-04-27 21:51:00.000000,1.487,2.372,Flipsid3,CSGL,GameResult,UCC,Map1,150937,win2
150945,Counter-Strike,2016-04-27 21:51:00.000000,1.772,1.943,Flipsid3,CSGL,will win 1st round on map 1,UCC,will win 1st round on map 1,150937,win1
150946,Counter-Strike,2016-04-27 22:17:00.000000,1.748,1.968,Flipsid3,CSGL,will win 16th round on map 1,UCC,will win 16th round on map 1,150937,win1
150948,Counter-Strike,2016-04-27 21:53:00.000000,1.663,2.072,Flipsid3,CSGL,Total maps Over 2.5,UCC,Total maps Under 2.5,150937,win2
151170,Counter-Strike,2016-04-27 22:40:00.000000,2.402,1.473,Flipsid3,CSGL,GameResult,UCC,Map2,150937,win2
151171,Counter-Strike,2016-04-27 22:40:00.000000,1.990,1.729,Flipsid3,CSGL,will win 1st round on map 2,UCC,will win 1st round on map 2,150937,win1
151172,Counter-Strike,2016-04-27 23:00:00.000000,1.932,1.783,Flipsid3,CSGL,will win 16th round on map 2,UCC,will win 16th round on map 2,150937,win2
150990,Counter-Strike,2016-04-27 21:33:00.000000,1.187,3.632,Epsilon,RCTIC,Total,Kinguin,NA,150990,win1
150991,Counter-Strike,2016-04-27 21:33:00.000000,1.352,2.749,Epsilon,RCTIC,GameResult,Kinguin,Map1,150990,win1
150992,Counter-Strike,2016-04-27 21:33:00.000000,1.550,2.246,Epsilon,RCTIC,will win 1st round on map 1,Kinguin,will win 1st round on map 1,150990,win2
150993,Counter-Strike,2016-04-27 21:53:00.000000,1.356,2.735,Epsilon,RCTIC,will win 16th round on map 1,Kinguin,will win 16th round on map 1,150990,win2
151167,Counter-Strike,2016-04-27 22:31:00.000000,1.178,3.702,Epsilon,RCTIC,GameResult,Kinguin,Map2,150990,win1
151168,Counter-Strike,2016-04-27 22:31:00.000000,1.588,2.182,Epsilon,RCTIC,will win 1st round on map 2,Kinguin,will win 1st round on map 2,150990,win2
151169,Counter-Strike,2016-04-27 22:54:00.000000,1.460,2.433,Epsilon,RCTIC,will win 16th round on map 2,Kinguin,will win 16th round on map 2,150990,win2
150938,Counter-Strike,2016-04-27 21:18:00.000000,1.075,4.998,CPH Wolves,Epiphany Bolt,Total,Game On,NA,150938,win1
150958,Counter-Strike,2016-04-27 21:18:00.000000,1.206,3.485,CPH Wolves,Epiphany Bolt,GameResult,Game On,Map1,150938,win1
150959,Counter-Strike,2016-04-27 21:18:00.000000,1.512,2.319,CPH Wolves,Epiphany Bolt,will win 1st round on map 1,Game On,will win 1st round on map 1,150938,win1
150960,Counter-Strike,2016-04-27 21:41:00.000000,1.422,2.532,CPH Wolves,Epiphany Bolt,will win 16th round on map 1,Game On,will win 16th round on map 1,150938,win1
151159,Counter-Strike,2016-04-27 22:04:00.000000,1.185,3.650,CPH Wolves,Epiphany Bolt,GameResult,Game On,Map2,150938,win1
151160,Counter-Strike,2016-04-27 22:04:00.000000,1.568,2.215,CPH Wolves,Epiphany Bolt,will win 1st round on map 2,Game On,will win 1st round on map 2,150938,win2
151161,Counter-Strike,2016-04-27 22:28:00.000000,1.503,2.338,CPH Wolves,Epiphany Bolt,will win 16th round on map 2,Game On,will win 16th round on map 2,150938,win1
151133,Counter-Strike,2016-04-27 21:10:00.000000,1.075,4.994,mousesports,FAB,Total,Showmatch,NA,151133,win2
151134,Counter-Strike,2016-04-27 21:10:00.000000,1.166,3.806,mousesports,FAB,GameResult,Showmatch,Map1,151133,win1
151135,Counter-Strike,2016-04-27 21:10:00.000000,1.427,2.516,mousesports,FAB,will win 1st round on map 1,Showmatch,will win 1st round on map 1,151133,win2
151136,Counter-Strike,2016-04-27 21:31:00.000000,1.416,2.547,mousesports,FAB,will win 16th round on map 1,Showmatch,will win 16th round on map 1,151133,win1
151156,Counter-Strike,2016-04-27 22:03:00.000000,1.281,3.040,mousesports,FAB,GameResult,Showmatch,Map2,151133,win2
151157,Counter-Strike,2016-04-27 22:03:00.000000,1.527,2.289,mousesports,FAB,will win 1st round on map 2,Showmatch,will win 1st round on map 2,151133,win1
151158,Counter-Strike,2016-04-27 22:20:00.000000,1.352,2.747,mousesports,FAB,will win 16th round on map 2,Showmatch,will win 16th round on map 2,151133,win1
151179,Counter-Strike,2016-04-27 23:02:00.000000,1.164,3.825,mousesports,FAB,GameResult,Showmatch,Map3,151133,win2
151181,Counter-Strike,2016-04-27 23:02:00.000000,1.485,2.377,mousesports,FAB,will win 1st round on map 3,Showmatch,will win 1st round on map 3,151133,win2
151182,Counter-Strike,2016-04-27 23:22:00.000000,1.473,2.403,mousesports,FAB,will win 16th round on map 3,Showmatch,will win 16th round on map 3,151133,win2
151062,Counter-Strike,2016-04-27 21:09:00.000000,1.336,2.805,Bpro,SuperMassive,Total,Balkan Champ,NA,151062,win1
151063,Counter-Strike,2016-04-27 21:09:00.000000,1.693,2.032,Bpro,SuperMassive,will win 1st round,Balkan Champ,will win 1st round,151062,win2
151064,Counter-Strike,2016-04-27 21:35:00.000000,1.826,1.890,Bpro,SuperMassive,will win 16th round,Balkan Champ,will win 16th round,151062,win2
151059,Counter-Strike,2016-04-27 20:00:00.000000,1.633,2.113,RB,Pixel,Total,Balkan Champ,NA,151059,win1
151060,Counter-Strike,2016-04-27 20:00:00.000000,1.681,2.047,RB,Pixel,will win 1st round,Balkan Champ,will win 1st round,151059,win1
151061,Counter-Strike,2016-04-27 20:19:00.000000,1.952,1.764,RB,Pixel,will win 16th round,Balkan Champ,will win 16th round,151059,win1
151055,Counter-Strike,2016-04-27 19:00:00.000000,1.650,2.089,drinkpizza!,fRactals,Total,Rising Africa,NA,151055,win2
151056,Counter-Strike,2016-04-27 19:00:00.000000,1.841,1.877,drinkpizza!,fRactals,will win 1st round on map 1,Rising Africa,will win 1st round on map 1,151055,win1
151057,Counter-Strike,2016-04-27 19:25:00.000000,1.789,1.925,drinkpizza!,fRactals,will win 16th round on map 1,Rising Africa,will win 16th round on map 1,151055,win1
151058,Counter-Strike,2016-04-27 19:00:00.000000,1.846,1.872,drinkpizza!,fRactals,Total rounds Over 26.5 on map 1,Rising Africa,Total rounds Under 26.5 on map 1,151055,win2
151065,Counter-Strike,2016-04-27 19:00:00.000000,1.785,1.930,drinkpizza!,fRactals,GameResult,Rising Africa,Map1,151055,win2
151137,Counter-Strike,2016-04-27 20:08:00.000000,2.608,1.395,drinkpizza!,fRactals,GameResult,Rising Africa,Map2,151055,win2
151138,Counter-Strike,2016-04-27 20:06:00.000000,1.662,2.073,drinkpizza!,fRactals,will win 1st round on map 2,Rising Africa,will win 1st round on map 2,151055,win1
151139,Counter-Strike,2016-04-27 20:25:00.000000,1.951,1.764,drinkpizza!,fRactals,will win 16th round on map 2,Rising Africa,will win 16th round on map 2,151055,win1
150939,Counter-Strike,2016-04-27 19:00:00.000000,1.330,2.831,AliGon,Enso,Total,Game On,NA,150939,win1
150954,Counter-Strike,2016-04-27 19:00:00.000000,1.600,2.162,AliGon,Enso,GameResult,Game On,Map1,150939,win1
150955,Counter-Strike,2016-04-27 19:02:00.000000,1.691,2.035,AliGon,Enso,will win 1st round on map 1,Game On,will win 1st round on map 1,150939,win2
150956,Counter-Strike,2016-04-27 19:28:00.000000,1.907,1.808,AliGon,Enso,will win 16th round on map 1,Game On,will win 16th round on map 1,150939,win2
150957,Counter-Strike,2016-04-27 19:00:00.000000,1.905,1.811,AliGon,Enso,Total maps Over 2.5,Game On,Total maps Under 2.5,150939,win2
151130,Counter-Strike,2016-04-27 19:54:00.000000,1.411,2.561,AliGon,Enso,GameResult,Game On,Map2,150939,win1
151131,Counter-Strike,2016-04-27 19:54:00.000000,1.659,2.076,AliGon,Enso,will win 1st round on map 2,Game On,will win 1st round on map 2,150939,win1
151132,Counter-Strike,2016-04-27 20:17:00.000000,1.654,2.083,AliGon,Enso,will win 16th round on map 2,Game On,will win 16th round on map 2,150939,win2
151046,Counter-Strike,2016-04-27 18:11:00.000000,2.332,1.506,Gambit,GODSENT,Total,SL i-L Quali,NA,151046,win1
151047,Counter-Strike,2016-04-27 18:11:00.000000,1.950,1.766,Gambit,GODSENT,GameResult,SL i-L Quali,Map1,151046,win1
151048,Counter-Strike,2016-04-27 18:00:00.000000,2.056,1.674,Gambit,GODSENT,will win 1st round on map 1,SL i-L Quali,will win 1st round on map 1,151046,win2
151049,Counter-Strike,2016-04-27 18:30:00.000000,1.923,1.792,Gambit,GODSENT,will win 16th round on map 1,SL i-L Quali,will win 16th round on map 1,151046,win2
151118,Counter-Strike,2016-04-27 18:57:00.000000,1.897,1.819,Gambit,GODSENT,GameResult,SL i-L Quali,Map2,151046,win1
151119,Counter-Strike,2016-04-27 19:21:00.000000,1.698,2.027,Gambit,GODSENT,will win 16th round on map 2,SL i-L Quali,will win 16th round on map 2,151046,win1
151120,Counter-Strike,2016-04-27 18:57:00.000000,1.989,1.730,Gambit,GODSENT,will win 1st round on map 2,SL i-L Quali,will win 1st round on map 2,151046,win1
151006,Dota2,2016-04-27 18:07:00.000000,1.688,2.039,Power Rangers,Fantastic Five,Total,WellPlay,NA,151006,win1
151007,Dota2,2016-04-27 18:07:00.000000,1.916,1.799,Power Rangers,Fantastic Five,GameResult,WellPlay,Map1,151006,win2
151008,Dota2,2016-04-27 18:07:00.000000,1.789,1.925,Power Rangers,Fantastic Five,FB,WellPlay,Map1,151006,win1
151009,Dota2,2016-04-27 18:07:00.000000,1.781,1.934,Power Rangers,Fantastic Five,Kills10,WellPlay,Map1,151006,win1
151121,Dota2,2016-04-27 19:14:00.000000,1.880,1.837,Power Rangers,Fantastic Five,GameResult,WellPlay,Map2,151006,win1
151122,Dota2,2016-04-27 19:14:00.000000,1.788,1.927,Power Rangers,Fantastic Five,FB,WellPlay,Map2,151006,win2
151123,Dota2,2016-04-27 19:14:00.000000,1.908,1.807,Power Rangers,Fantastic Five,Kills10,WellPlay,Map2,151006,win2
151143,Dota2,2016-04-27 20:24:00.000000,1.672,2.059,Power Rangers,Fantastic Five,GameResult,WellPlay,Map3,151006,win1
151144,Dota2,2016-04-27 20:24:00.000000,1.839,1.878,Power Rangers,Fantastic Five,FB,WellPlay,Map3,151006,win2
151145,Dota2,2016-04-27 20:24:00.000000,1.776,1.939,Power Rangers,Fantastic Five,Kills10,WellPlay,Map3,151006,win1
151153,Dota2,2016-04-27 21:35:00.000000,1.639,2.104,Power Rangers,Fantastic Five,Map 4,WellPlay,Map 4,151006,win1
151154,Dota2,2016-04-27 21:35:00.000000,1.718,2.002,Power Rangers,Fantastic Five,first blood on map 4,WellPlay,first blood on map 4,151006,win2
151155,Dota2,2016-04-27 21:35:00.000000,1.885,1.832,Power Rangers,Fantastic Five,will take first 10 kills on map 4,WellPlay,will take first 10 kills on map 4,151006,win1
150986,Counter-Strike,2016-04-27 18:00:00.000000,1.101,4.569,Space Soldiers,GameAgents,Total,Kinguin,NA,150986,win1
150987,Counter-Strike,2016-04-27 18:00:00.000000,1.247,3.223,Space Soldiers,GameAgents,GameResult,Kinguin,Map1,150986,win1
150988,Counter-Strike,2016-04-27 18:00:00.000000,1.464,2.425,Space Soldiers,GameAgents,will win 1st round on map 1,Kinguin,will win 1st round on map 1,150986,win2
150989,Counter-Strike,2016-04-27 18:40:00.000000,1.442,2.477,Space Soldiers,GameAgents,will win 16th round on map 1,Kinguin,will win 16th round on map 1,150986,win2
151127,Counter-Strike,2016-04-27 19:20:00.000000,1.352,2.748,Space Soldiers,GameAgents,GameResult,Kinguin,Map2,150986,win2
151128,Counter-Strike,2016-04-27 19:20:00.000000,1.560,2.229,Space Soldiers,GameAgents,will win 1st round on map 2,Kinguin,will win 1st round on map 2,150986,win1
151129,Counter-Strike,2016-04-27 19:45:00.000000,1.619,2.133,Space Soldiers,GameAgents,will win 16th round on map 2,Kinguin,will win 16th round on map 2,150986,win1
151146,Counter-Strike,2016-04-27 20:29:00.000000,1.348,2.764,Space Soldiers,GameAgents,GameResult,Kinguin,Map3,150986,win1
151147,Counter-Strike,2016-04-27 20:29:00.000000,1.701,2.022,Space Soldiers,GameAgents,will win 1st round on map 3,Kinguin,will win 1st round on map 3,150986,win2
151148,Counter-Strike,2016-04-27 20:50:00.000000,1.534,2.275,Space Soldiers,GameAgents,will win 16th round on map 3,Kinguin,will win 16th round on map 3,150986,win1
150942,Counter-Strike,2016-04-27 18:00:00.000000,1.586,2.185,AGG,ENCE,Total,UCC,NA,150942,win2
150949,Counter-Strike,2016-04-27 18:00:00.000000,1.488,2.371,AGG,ENCE,GameResult,UCC,Map1,150942,win1
150950,Counter-Strike,2016-04-27 18:00:00.000000,1.897,1.818,AGG,ENCE,will win 1st round on map 1,UCC,will win 1st round on map 1,150942,win2
150951,Counter-Strike,2016-04-27 18:25:00.000000,1.760,1.956,AGG,ENCE,will win 16th round on map 1,UCC,will win 16th round on map 1,150942,win1
150953,Counter-Strike,2016-04-27 18:00:00.000000,1.712,2.010,AGG,ENCE,Total maps Over 2.5,UCC,Total maps Under 2.5,150942,win1
151124,Counter-Strike,2016-04-27 19:11:00.000000,1.897,1.819,AGG,ENCE,GameResult,UCC,Map2,150942,win2
151125,Counter-Strike,2016-04-27 19:35:00.000000,1.974,1.743,AGG,ENCE,will win 16th round on map 2,UCC,will win 16th round on map 2,150942,win2
151126,Counter-Strike,2016-04-27 19:11:00.000000,1.769,1.946,AGG,ENCE,will win 1st round on map 2,UCC,will win 1st round on map 2,150942,win1
151140,Counter-Strike,2016-04-27 20:06:00.000000,1.657,2.080,AGG,ENCE,GameResult,UCC,Map3,150942,win2
151141,Counter-Strike,2016-04-27 20:06:00.000000,1.898,1.818,AGG,ENCE,will win 1st round on map 3,UCC,will win 1st round on map 3,150942,win1
151142,Counter-Strike,2016-04-27 20:30:00.000000,1.896,1.820,AGG,ENCE,will win 16th round on map 3,UCC,will win 16th round on map 3,150942,win2
151002,Dota2,2016-04-27 16:26:00.000000,1.211,3.450,!Rebels!,Yellow Submarine,Total,Solid Dota2,NA,151002,win1
151003,Dota2,2016-04-27 16:25:00.000000,1.292,2.992,!Rebels!,Yellow Submarine,GameResult,Solid Dota2,Map1,151002,win1
151004,Dota2,2016-04-27 16:25:00.000000,1.704,2.018,!Rebels!,Yellow Submarine,FB,Solid Dota2,Map1,151002,win2
151005,Dota2,2016-04-27 16:25:00.000000,1.423,2.528,!Rebels!,Yellow Submarine,Kills10,Solid Dota2,Map1,151002,win1
151089,Dota2,2016-04-27 17:21:00.000000,1.200,3.527,!Rebels!,Yellow Submarine,GameResult,Solid Dota2,Map2,151002,win1
151090,Dota2,2016-04-27 17:21:00.000000,1.738,1.980,!Rebels!,Yellow Submarine,FB,Solid Dota2,Map2,151002,win1
151091,Dota2,2016-04-27 17:21:00.000000,1.385,2.638,!Rebels!,Yellow Submarine,Kills10,Solid Dota2,Map2,151002,win1
150931,StarCraft2,2016-04-27 15:36:00.000000,1.332,2.822,Liquid.Snute,AT.uThermal,Total,KungFu Cup,NA,150931,win2
150933,StarCraft2,2016-04-27 15:36:00.000000,1.549,2.248,Liquid.Snute,AT.uThermal,GameResult,KungFu Cup,Map1,150931,win2
150934,StarCraft2,2016-04-27 15:36:00.000000,1.262,3.137,Liquid.Snute,AT.uThermal,Total maps Over 3.5,KungFu Cup,Total maps Under 3.5,150931,win2
150935,StarCraft2,2016-04-27 15:36:00.000000,2.643,1.383,Liquid.Snute,AT.uThermal,Total maps Over 4.5,KungFu Cup,Total maps Under 4.5,150931,win2
151080,StarCraft2,2016-04-27 15:51:00.000000,1.686,2.041,Liquid.Snute,AT.uThermal,GameResult,KungFu Cup,Map2,150931,win2
151081,StarCraft2,2016-04-27 15:57:00.000000,1.654,2.083,Liquid.Snute,AT.uThermal,GameResult,KungFu Cup,Map3,150931,win2
150927,StarCraft2,2016-04-27 14:14:00.000000,1.270,3.099,Galaxy.Solar,[M]ShoWTimE,Total,KungFu Cup,NA,150927,win1
150928,StarCraft2,2016-04-27 14:14:00.000000,1.441,2.480,Galaxy.Solar,[M]ShoWTimE,GameResult,KungFu Cup,Map1,150927,win1
150929,StarCraft2,2016-04-27 14:14:00.000000,1.315,2.892,Galaxy.Solar,[M]ShoWTimE,Total maps Over 3.5,KungFu Cup,Total maps Under 3.5,150927,win1
150930,StarCraft2,2016-04-27 14:14:00.000000,2.566,1.409,Galaxy.Solar,[M]ShoWTimE,Total maps Over 4.5,KungFu Cup,Total maps Under 4.5,150927,win2
151071,StarCraft2,2016-04-27 14:39:00.000000,1.407,2.571,Galaxy.Solar,[M]ShoWTimE,GameResult,KungFu Cup,Map2,150927,win1
151072,StarCraft2,2016-04-27 15:01:00.000000,1.427,2.517,Galaxy.Solar,[M]ShoWTimE,GameResult,KungFu Cup,Map3,150927,win2
151076,StarCraft2,2016-04-27 15:13:00.000000,1.377,2.662,Galaxy.Solar,[M]ShoWTimE,Map 4,KungFu Cup,Map 4,150927,win1
151051,Counter-Strike,2016-04-27 14:13:00.000000,1.193,3.584,TyLoo,VG.CyberZen,Total,SL Quali,NA,151051,win1
151052,Counter-Strike,2016-04-27 14:13:00.000000,1.338,2.800,TyLoo,VG.CyberZen,GameResult,SL Quali,Map1,151051,win1
151053,Counter-Strike,2016-04-27 14:13:00.000000,1.654,2.083,TyLoo,VG.CyberZen,will win 1st round on map 1,SL Quali,will win 1st round on map 1,151051,win1
151054,Counter-Strike,2016-04-27 14:33:00.000000,1.669,2.064,TyLoo,VG.CyberZen,will win 16th round on map 1,SL Quali,will win 16th round on map 1,151051,win1
151073,Counter-Strike,2016-04-27 15:06:00.000000,1.468,2.414,TyLoo,VG.CyberZen,GameResult,SL Quali,Map2,151051,win1
151074,Counter-Strike,2016-04-27 15:06:00.000000,1.726,1.993,TyLoo,VG.CyberZen,will win 1st round on map 2,SL Quali,will win 1st round on map 2,151051,win1
151075,Counter-Strike,2016-04-27 15:32:00.000000,1.689,2.038,TyLoo,VG.CyberZen,will win 16th round on map 2,SL Quali,will win 16th round on map 2,151051,win1
151077,Counter-Strike,2016-04-27 15:58:00.000000,1.287,3.015,TyLoo,VG.CyberZen,GameResult,SL Quali,Map3,151051,win1
151078,Counter-Strike,2016-04-27 15:58:00.000000,1.637,2.107,TyLoo,VG.CyberZen,will win 1st round on map 3,SL Quali,will win 1st round on map 3,151051,win1
151079,Counter-Strike,2016-04-27 16:10:00.000000,1.602,2.159,TyLoo,VG.CyberZen,will win 16th round on map 3,SL Quali,will win 16th round on map 3,151051,win1
150977,HeroesOfTheStorm,2016-04-27 13:10:00.000000,1.178,3.705,Team No Limit,Tempest,Total,Super League,NA,150977,win1
150982,Counter-Strike,2016-04-27 09:05:00.000000,1.060,5.298,VG.CyberZen,EDG,Total,WCA Quali,NA,150982,win1
150983,Counter-Strike,2016-04-27 09:05:00.000000,1.138,4.099,VG.CyberZen,EDG,GameResult,WCA Quali,Map1,150982,win1
151050,Counter-Strike,2016-04-27 10:05:00.000000,1.078,4.953,VG.CyberZen,EDG,GameResult,WCA Quali,Map2,150982,win1
150936,Dota2,2016-04-27 08:24:42.000000,1.300,2.953,Team Liquid,Team Spirit,Total,Weplay,NA,150936,draw
150968,Dota2,2016-04-27 08:24:42.000000,1.914,1.801,Team Liquid,Team Spirit,First blood,Weplay,First blood,150936,draw
150969,Dota2,2016-04-27 08:24:47.000000,1.604,2.156,Team Liquid,Team Spirit,will take first 10 kills,Weplay,will take first 10 kills,150936,draw
150864,Counter-Strike,2016-04-27 06:09:00.000000,1.379,2.658,Vault,Mostly Harmless,Total,RGN,NA,150864,win1
150867,Counter-Strike,2016-04-27 06:09:00.000000,1.511,2.322,Vault,Mostly Harmless,GameResult,RGN,Map1,150864,win1
150868,Counter-Strike,2016-04-27 06:09:00.000000,1.587,2.183,Vault,Mostly Harmless,will win 1st round on map 1,RGN,will win 1st round on map 1,150864,win1
150869,Counter-Strike,2016-04-27 06:47:00.000000,1.500,2.344,Vault,Mostly Harmless,will win 16th round on map 1,RGN,will win 16th round on map 1,150864,win2
151032,Counter-Strike,2016-04-27 07:09:00.000000,1.401,2.590,Vault,Mostly Harmless,GameResult,RGN,Map2,150864,win1
151033,Counter-Strike,2016-04-27 07:09:00.000000,1.603,2.157,Vault,Mostly Harmless,will win 1st round on map 2,RGN,will win 1st round on map 2,150864,win1
151034,Counter-Strike,2016-04-27 07:35:00.000000,1.813,1.903,Vault,Mostly Harmless,will win 16th round on map 2,RGN,will win 16th round on map 2,150864,win1
150892,Counter-Strike,2016-04-27 04:26:00.000000,1.438,2.487,Liquid,Splyce,Total,ESL,NA,150892,win1
150915,Counter-Strike,2016-04-27 04:26:00.000000,1.604,2.156,Liquid,Splyce,will win 1st round,ESL,will win 1st round,150892,win1
150916,Counter-Strike,2016-04-27 05:05:00.000000,1.549,2.249,Liquid,Splyce,will win 16th round,ESL,will win 16th round,150892,win1
151014,Counter-Strike,2016-04-27 04:15:00.000000,1.522,2.298,BigGods,INTZ,Total,MLG Quali,NA,151014,win1
151015,Counter-Strike,2016-04-27 04:15:00.000000,1.590,2.179,BigGods,INTZ,GameResult,MLG Quali,Map1,151014,win1
151016,Counter-Strike,2016-04-27 04:15:00.000000,1.774,1.941,BigGods,INTZ,will win 1st round on map 1,MLG Quali,will win 1st round on map 1,151014,win1
151017,Counter-Strike,2016-04-27 04:58:00.000000,1.696,2.029,BigGods,INTZ,will win 16th round on map 1,MLG Quali,will win 16th round on map 1,151014,win1
151018,Counter-Strike,2016-04-27 05:15:00.000000,1.598,2.166,BigGods,INTZ,will win 1st round on map 2,MLG Quali,will win 1st round on map 2,151014,win1
151019,Counter-Strike,2016-04-27 05:35:00.000000,1.868,1.850,BigGods,INTZ,will win 16th round on map 2,MLG Quali,will win 16th round on map 2,151014,win1
151020,Counter-Strike,2016-04-27 05:15:00.000000,1.356,2.734,BigGods,INTZ,GameResult,MLG Quali,Map2,151014,win2
151029,Counter-Strike,2016-04-27 06:39:00.000000,1.667,2.065,BigGods,INTZ,will win 16th round on map 3,MLG Quali,will win 16th round on map 3,151014,win1
151030,Counter-Strike,2016-04-27 06:19:00.000000,1.763,1.952,BigGods,INTZ,will win 1st round on map 3,MLG Quali,will win 1st round on map 3,151014,win1
151031,Counter-Strike,2016-04-27 06:19:00.000000,1.558,2.233,BigGods,INTZ,GameResult,MLG Quali,Map3,151014,win1
150896,Counter-Strike,2016-04-27 04:15:00.000000,1.375,2.669,OpTic,NRG,Total,ESL,NA,150896,win1
150923,Counter-Strike,2016-04-27 04:15:00.000000,1.519,2.306,OpTic,NRG,will win 1st round,ESL,will win 1st round,150896,win2
150924,Counter-Strike,2016-04-27 04:59:00.000000,1.537,2.269,OpTic,NRG,will win 16th round,ESL,will win 16th round,150896,win2
150894,Counter-Strike,2016-04-27 04:15:00.000000,1.603,2.157,CLG,Winterfox,Total,ESL,NA,150894,win2
150921,Counter-Strike,2016-04-27 04:15:00.000000,1.608,2.149,CLG,Winterfox,will win 1st round,ESL,will win 1st round,150894,win2
150922,Counter-Strike,2016-04-27 04:36:00.000000,1.592,2.175,CLG,Winterfox,will win 16th round,ESL,will win 16th round,150894,win2
150893,Counter-Strike,2016-04-27 04:10:00.000000,1.245,3.235,Luminosity,Selfless,Total,ESL,NA,150893,win1
150904,Counter-Strike,2016-04-27 04:10:00.000000,1.529,2.285,Luminosity,Selfless,will win 1st round,ESL,will win 1st round,150893,win2
150905,Counter-Strike,2016-04-27 04:48:00.000000,1.462,2.428,Luminosity,Selfless,will win 16th round,ESL,will win 16th round,150893,win1
150891,Counter-Strike,2016-04-27 04:00:00.000000,1.307,2.924,Renegades,compLexity,Total,ESL,NA,150891,win1
150919,Counter-Strike,2016-04-27 04:00:00.000000,1.614,2.140,Renegades,compLexity,will win 1st round,ESL,will win 1st round,150891,win1
150920,Counter-Strike,2016-04-27 04:35:00.000000,1.620,2.132,Renegades,compLexity,will win 16th round,ESL,will win 16th round,150891,win2
150890,Counter-Strike,2016-04-27 04:00:00.000000,1.032,5.992,Cloud9,KKona,Total,ESL,NA,150890,win1
150917,Counter-Strike,2016-04-27 04:00:00.000000,1.343,2.779,Cloud9,KKona,will win 1st round,ESL,will win 1st round,150890,win1
150918,Counter-Strike,2016-04-27 04:27:00.000000,1.337,2.802,Cloud9,KKona,will win 16th round,ESL,will win 16th round,150890,win2
150888,Counter-Strike,2016-04-27 03:00:00.000000,1.178,3.705,Renegades,compLexity,Total,ESL,NA,150888,win1
150913,Counter-Strike,2016-04-27 03:00:00.000000,1.522,2.300,Renegades,compLexity,will win 1st round,ESL,will win 1st round,150888,win1
150914,Counter-Strike,2016-04-27 03:30:00.000000,1.517,2.309,Renegades,compLexity,will win 16th round,ESL,will win 16th round,150888,win2
150887,Counter-Strike,2016-04-27 03:00:00.000000,1.359,2.723,CLG,Winterfox,Total,ESL,NA,150887,win2
150911,Counter-Strike,2016-04-27 03:00:00.000000,1.673,2.058,CLG,Winterfox,will win 1st round,ESL,will win 1st round,150887,win2
150912,Counter-Strike,2016-04-27 03:40:00.000000,1.698,2.026,CLG,Winterfox,will win 16th round,ESL,will win 16th round,150887,win1
150886,Counter-Strike,2016-04-27 03:00:00.000000,1.354,2.743,OpTic,NRG,Total,ESL,NA,150886,win2
150909,Counter-Strike,2016-04-27 03:00:00.000000,1.555,2.238,OpTic,NRG,will win 1st round,ESL,will win 1st round,150886,win2
150910,Counter-Strike,2016-04-27 03:46:00.000000,1.550,2.246,OpTic,NRG,will win 16th round,ESL,will win 16th round,150886,win1
150885,Counter-Strike,2016-04-27 03:00:00.000000,1.299,2.961,Luminosity,Selfless,Total,ESL,NA,150885,win1
150901,Counter-Strike,2016-04-27 03:00:00.000000,1.604,2.156,Luminosity,Selfless,will win 1st round,ESL,will win 1st round,150885,win1
150902,Counter-Strike,2016-04-27 03:35:00.000000,1.603,2.157,Luminosity,Selfless,will win 16th round,ESL,will win 16th round,150885,win1
150884,Counter-Strike,2016-04-27 03:00:00.000000,1.028,6.130,Cloud9,KKona,Total,ESL,NA,150884,win1
150899,Counter-Strike,2016-04-27 03:00:00.000000,1.321,2.865,Cloud9,KKona,will win 1st round,ESL,will win 1st round,150884,win1
150900,Counter-Strike,2016-04-27 03:30:00.000000,1.311,2.907,Cloud9,KKona,will win 16th round,ESL,will win 16th round,150884,win2
150883,Counter-Strike,2016-04-27 03:00:00.000000,1.152,3.947,Liquid,Splyce,Total,ESL,NA,150883,win2
150897,Counter-Strike,2016-04-27 03:00:00.000000,1.417,2.545,Liquid,Splyce,will win 1st round,ESL,will win 1st round,150883,win2
150898,Counter-Strike,2016-04-27 03:40:00.000000,1.431,2.506,Liquid,Splyce,will win 16th round,ESL,will win 16th round,150883,win2
150865,Counter-Strike,2016-04-27 02:06:00.000000,1.810,1.905,INTZ,CNB,Total,MLG Quali,NA,150865,win1
150866,Counter-Strike,2016-04-27 02:06:00.000000,1.709,2.013,INTZ,CNB,GameResult,MLG Quali,Map1,150865,win1
150978,Counter-Strike,2016-04-27 02:06:00.000000,1.772,1.943,INTZ,CNB,will win 1st round on map 1,MLG Quali,will win 1st round on map 1,150865,win2
150979,Counter-Strike,2016-04-27 02:29:00.000000,1.848,1.870,INTZ,CNB,will win 16th round on map 1,MLG Quali,will win 16th round on map 1,150865,win1
151011,Counter-Strike,2016-04-27 02:51:00.000000,1.502,2.340,INTZ,CNB,GameResult,MLG Quali,Map2,150865,win1
151012,Counter-Strike,2016-04-27 02:51:00.000000,1.858,1.861,INTZ,CNB,will win 1st round on map 2,MLG Quali,will win 1st round on map 2,150865,win1
151013,Counter-Strike,2016-04-27 03:24:00.000000,1.906,1.810,INTZ,CNB,will win 16th round on map 2,MLG Quali,will win 16th round on map 2,150865,win1
150984,StarCraft2,2016-04-27 00:15:00.000000,1.252,3.195,Neeb,Flipsid3.Bails,Total,Toth,NA,150984,win1
150985,StarCraft2,2016-04-27 00:15:00.000000,1.299,2.960,Neeb,Flipsid3.Bails,GameResult,Toth,Map1,150984,win1
150997,StarCraft2,2016-04-27 00:25:00.000000,1.340,2.793,Neeb,Flipsid3.Bails,GameResult,Toth,Map2,150984,win1
151001,StarCraft2,2016-04-27 00:35:00.000000,1.307,2.923,Neeb,Flipsid3.Bails,GameResult,Toth,Map3,150984,win1
150849,Counter-Strike,2016-04-26 23:12:00.000000,1.119,4.325,Keyd Stars,BigGods,Total,MLG Quali,NA,150849,win2
150850,Counter-Strike,2016-04-26 23:12:00.000000,1.167,3.801,Keyd Stars,BigGods,GameResult,MLG Quali,Map1,150849,win2
150851,Counter-Strike,2016-04-26 23:12:00.000000,1.409,2.566,Keyd Stars,BigGods,will win 1st round on map 1,MLG Quali,will win 1st round on map 1,150849,win2
150852,Counter-Strike,2016-04-26 23:55:00.000000,1.557,2.234,Keyd Stars,BigGods,will win 16th round on map 1,MLG Quali,will win 16th round on map 1,150849,win1
150998,Counter-Strike,2016-04-27 00:41:00.000000,1.329,2.833,Keyd Stars,BigGods,GameResult,MLG Quali,Map2,150849,win2
150999,Counter-Strike,2016-04-27 00:41:00.000000,1.649,2.091,Keyd Stars,BigGods,will win 1st round on map 2,MLG Quali,will win 1st round on map 2,150849,win1
151000,Counter-Strike,2016-04-27 01:04:00.000000,1.678,2.051,Keyd Stars,BigGods,will win 16th round on map 2,MLG Quali,will win 16th round on map 2,150849,win2
150961,StarCraft2,2016-04-26 23:10:00.000000,1.147,4.000,Neeb,F3.Drunkenboi,Total,Toth,NA,150961,win1
150962,StarCraft2,2016-04-26 23:10:00.000000,1.275,3.071,Neeb,F3.Drunkenboi,GameResult,Toth,Map1,150961,win1
150980,StarCraft2,2016-04-26 23:23:00.000000,1.255,3.176,Neeb,F3.Drunkenboi,GameResult,Toth,Map2,150961,win1
150981,StarCraft2,2016-04-26 23:33:00.000000,1.227,3.344,Neeb,F3.Drunkenboi,GameResult,Toth,Map3,150961,win1
150925,StarCraft2,2016-04-26 22:24:00.000000,1.201,3.519,Neeb,EG.HuK,Total,Toth,NA,150925,win1
150926,StarCraft2,2016-04-26 22:24:00.000000,1.364,2.707,Neeb,EG.HuK,GameResult,Toth,Map1,150925,win1
150943,StarCraft2,2016-04-26 22:35:00.000000,1.324,2.854,Neeb,EG.HuK,GameResult,Toth,Map2,150925,win1
150947,StarCraft2,2016-04-26 22:42:00.000000,1.292,2.991,Neeb,EG.HuK,GameResult,Toth,Map3,150925,win2
150952,StarCraft2,2016-04-26 22:51:00.000000,1.277,3.063,Neeb,EG.HuK,Map 4,Toth,Map 4,150925,win1
150879,Counter-Strike,2016-04-26 22:15:00.000000,1.673,2.058,HellRaisers,CSGL,Total,SL Quali,NA,150879,win1
150880,Counter-Strike,2016-04-26 22:15:00.000000,1.637,2.106,HellRaisers,CSGL,GameResult,SL Quali,Map1,150879,win1
150881,Counter-Strike,2016-04-26 22:15:00.000000,1.837,1.880,HellRaisers,CSGL,will win 1st round on map 1,SL Quali,will win 1st round on map 1,150879,win2
150882,Counter-Strike,2016-04-26 22:40:00.000000,1.671,2.060,HellRaisers,CSGL,will win 16th round on map 1,SL Quali,will win 16th round on map 1,150879,win1
150963,Counter-Strike,2016-04-26 23:12:00.000000,2.174,1.593,HellRaisers,CSGL,GameResult,SL Quali,Map2,150879,win1
150964,Counter-Strike,2016-04-26 23:12:00.000000,1.793,1.921,HellRaisers,CSGL,will win 1st round on map 2,SL Quali,will win 1st round on map 2,150879,win1
150965,Counter-Strike,2016-04-26 23:35:00.000000,2.050,1.679,HellRaisers,CSGL,will win 16th round on map 2,SL Quali,will win 16th round on map 2,150879,win1
150842,Counter-Strike,2016-04-26 22:11:00.000000,1.204,3.497,GameAgents,iNation,Total,Balkan Champ,NA,150842,win1
150843,Counter-Strike,2016-04-26 22:11:00.000000,1.605,2.155,GameAgents,iNation,will win 1st round,Balkan Champ,will win 1st round,150842,win1
150844,Counter-Strike,2016-04-26 22:31:00.000000,1.590,2.179,GameAgents,iNation,will win 16th round,Balkan Champ,will win 16th round,150842,win2
150747,Dota2,2016-04-26 22:11:00.000000,1.778,1.937,Fantastic Five,Ad Finem,Total,WellPlay,NA,150747,win1
150748,Dota2,2016-04-26 22:11:00.000000,1.788,1.927,Fantastic Five,Ad Finem,GameResult,WellPlay,Map1,150747,win2
150749,Dota2,2016-04-26 22:11:00.000000,1.814,1.902,Fantastic Five,Ad Finem,FB,WellPlay,Map1,150747,win1
150750,Dota2,2016-04-26 22:11:00.000000,1.729,1.989,Fantastic Five,Ad Finem,Kills10,WellPlay,Map1,150747,win2
150972,Dota2,2016-04-26 23:31:00.000000,2.041,1.686,Fantastic Five,Ad Finem,GameResult,WellPlay,Map2,150747,win1
150974,Dota2,2016-04-26 23:31:00.000000,1.785,1.929,Fantastic Five,Ad Finem,FB,WellPlay,Map2,150747,win2
150975,Dota2,2016-04-26 23:31:00.000000,1.937,1.778,Fantastic Five,Ad Finem,Kills10,WellPlay,Map2,150747,win1
150994,Dota2,2016-04-27 00:32:00.000000,1.754,1.962,Fantastic Five,Ad Finem,GameResult,WellPlay,Map3,150747,win1
150995,Dota2,2016-04-27 00:31:00.000000,1.869,1.849,Fantastic Five,Ad Finem,FB,WellPlay,Map3,150747,win1
150996,Dota2,2016-04-27 00:31:00.000000,1.796,1.919,Fantastic Five,Ad Finem,Kills10,WellPlay,Map3,150747,win1
150833,Counter-Strike,2016-04-26 21:37:00.000000,1.509,2.325,dignitas,SK,Total,ESL,NA,150833,win1
150834,Counter-Strike,2016-04-26 21:37:00.000000,1.779,1.936,dignitas,SK,will win 1st round,ESL,will win 1st round,150833,win1
150835,Counter-Strike,2016-04-26 22:32:00.000000,1.767,1.948,dignitas,SK,will win 16th round,ESL,will win 16th round,150833,win1
150845,Counter-Strike,2016-04-26 21:30:18.000000,1.346,2.768,Natus Vincere,G2,Total,ECS,NA,150845,draw
150846,Counter-Strike,2016-04-26 21:30:17.000000,1.421,2.532,Natus Vincere,G2,GameResult,ECS,Map1,150845,draw
150847,Counter-Strike,2016-04-26 21:30:17.000000,1.724,1.995,Natus Vincere,G2,will win 1st round on map 1,ECS,will win 1st round on map 1,150845,draw
150848,Counter-Strike,2016-04-26 21:30:17.000000,1.743,1.974,Natus Vincere,G2,will win 16th round on map 1,ECS,will win 16th round on map 1,150845,draw
150853,StarCraft2,2016-04-26 21:17:00.000000,1.216,3.416,Neeb,Scarlett,Total,TotH,NA,150853,win1
150854,StarCraft2,2016-04-26 21:17:00.000000,1.391,2.620,Neeb,Scarlett,GameResult,TotH,Map1,150853,win1
150855,StarCraft2,2016-04-26 21:17:00.000000,1.339,2.796,Neeb,Scarlett,Total maps Over 3.5,TotH,Total maps Under 3.5,150853,win1
150856,StarCraft2,2016-04-26 21:17:00.000000,2.693,1.368,Neeb,Scarlett,Total maps Over 4.5,TotH,Total maps Under 4.5,150853,win2
150889,StarCraft2,2016-04-26 21:25:00.000000,1.355,2.739,Neeb,Scarlett,GameResult,TotH,Map2,150853,win1
150895,StarCraft2,2016-04-26 21:36:00.000000,1.316,2.884,Neeb,Scarlett,GameResult,TotH,Map3,150853,win2
150903,StarCraft2,2016-04-26 21:55:00.000000,1.386,2.636,Neeb,Scarlett,Map 4,TotH,Map 4,150853,win1
150830,Counter-Strike,2016-04-26 21:09:00.000000,1.716,2.004,FaZe,EnVyUs,Total,ESL,NA,150830,win1
150831,Counter-Strike,2016-04-26 21:09:00.000000,1.879,1.839,FaZe,EnVyUs,will win 1st round,ESL,will win 1st round,150830,win1
150832,Counter-Strike,2016-04-26 21:39:00.000000,1.882,1.835,FaZe,EnVyUs,will win 16th round,ESL,will win 16th round,150830,win1
150751,Dota2,2016-04-26 21:05:00.000000,1.688,2.039,Danish Bears,Prodota Gaming,Total,Solid Dota2,NA,150751,win1
150752,Dota2,2016-04-26 21:05:00.000000,1.720,2.000,Danish Bears,Prodota Gaming,GameResult,Solid Dota2,Map1,150751,win1
150756,Dota2,2016-04-26 21:05:00.000000,1.886,1.831,Danish Bears,Prodota Gaming,FB,Solid Dota2,Map1,150751,win1
150757,Dota2,2016-04-26 21:05:00.000000,1.735,1.983,Danish Bears,Prodota Gaming,Kills10,Solid Dota2,Map1,150751,win1
150906,Dota2,2016-04-26 22:01:00.000000,1.619,2.134,Danish Bears,Prodota Gaming,GameResult,Solid Dota2,Map2,150751,win1
150907,Dota2,2016-04-26 22:01:00.000000,1.796,1.919,Danish Bears,Prodota Gaming,FB,Solid Dota2,Map2,150751,win1
150908,Dota2,2016-04-26 22:01:00.000000,1.668,2.065,Danish Bears,Prodota Gaming,Kills10,Solid Dota2,Map2,150751,win2
150839,Counter-Strike,2016-04-26 21:00:00.000000,3.255,1.241,fnatic,Astralis,Total,ESL,NA,150839,win1
150840,Counter-Strike,2016-04-26 21:00:00.000000,2.046,1.682,fnatic,Astralis,will win 1st round,ESL,will win 1st round,150839,win2
150841,Counter-Strike,2016-04-26 21:28:00.000000,2.249,1.549,fnatic,Astralis,will win 16th round,ESL,will win 16th round,150839,win1
150836,Counter-Strike,2016-04-26 21:00:00.000000,1.533,2.278,NiP,G2,Total,ESL,NA,150836,win1
150837,Counter-Strike,2016-04-26 21:00:00.000000,1.752,1.964,NiP,G2,will win 1st round,ESL,will win 1st round,150836,win2
150838,Counter-Strike,2016-04-26 21:34:00.000000,1.677,2.053,NiP,G2,will win 16th round,ESL,will win 16th round,150836,win2
150827,Counter-Strike,2016-04-26 21:00:00.000000,2.212,1.570,Flipsid3,Virtus.pro,Total,ESL,NA,150827,win1
150828,Counter-Strike,2016-04-26 21:00:00.000000,1.955,1.761,Flipsid3,Virtus.pro,will win 1st round,ESL,will win 1st round,150827,win1
150829,Counter-Strike,2016-04-26 21:39:00.000000,2.046,1.682,Flipsid3,Virtus.pro,will win 16th round,ESL,will win 16th round,150827,win2
150824,Counter-Strike,2016-04-26 21:00:00.000000,1.489,2.368,mousesports,Natus Vincere,Total,ESL,NA,150824,win1
150825,Counter-Strike,2016-04-26 21:00:00.000000,1.822,1.894,mousesports,Natus Vincere,will win 1st round,ESL,will win 1st round,150824,win1
150826,Counter-Strike,2016-04-26 21:28:00.000000,1.700,2.024,mousesports,Natus Vincere,will win 16th round,ESL,will win 16th round,150824,win1
